;loss_train;loss_val;metric_train;metric_val;precision_train;precision_val;recall_train;recall_val
0;0.05553638582166873;0.03184599688678395;0.2516731868841146;0.2848873322500902;;0.5121429261623645;0.39642612243953507;0.23642117588543424
1;0.02513738853954955;0.01986456837724237;0.31786242286455635;0.18557160039541915;0.5231592511073885;0.6033992913218361;0.29431947517265433;0.12062278527802989
2;0.01644972606415027;0.014240494399678474;0.3477009111329129;0.00424488498737999;0.5602006553427169;;0.31065211626455974;0.0021944634214627976
3;0.012024612827716689;0.009982688315943176;0.3378991652463906;0.4003645056520826;;0.6556777451369985;0.3284085191185831;0.3149206102118079
